{
  "image_path": "/home/sunteng/Desktop/HighTorque_vision/orbslam_depthmaping_ros_2/ros_orbslam_ws/src/depth_maping/scripts/GE_information/latest_img.png",
  "timestamp": 1768993039.8846335,
  "frame_id": 214,
  "R_cw": [
    [
      0.2950221300125122,
      0.18533986806869507,
      -0.9373425841331482
    ],
    [
      0.08732199668884277,
      0.9716715216636658,
      0.21961170434951782
    ],
    [
      0.9514918923377991,
      -0.14664092659950256,
      0.27048033475875854
    ]
  ],
  "t_cw": [
    1.4551830291748047,
    -1.1310298442840576,
    -8.541245460510254
  ]
}